{
  "alpha": 1.0,
  "dimensions": [
    "task_completion",
    "coherence_cohesion",
    "lexical_range",
    "grammatical_accuracy",
    "register_appropriateness",
    "canadian_context_integration"
  ],
  "models": {
    "canadian_context_integration": {
      "alpha": 1.0,
      "weights": [
        -0.10049974176000759,
        0.06834872401158415,
        -0.029938136627860327,
        -0.03905328462752765,
        -0.04982835207595481,
        -0.2640168164615595,
        0.11256573665704349,
        0.015339303672127005,
        -0.08537552346567845,
        -0.009626932331380145,
        0.002376494605706803,
        -0.059997870341676286,
        -0.1927126928512809,
        -0.28257376390164957,
        -0.09271449680554562,
        0.27478774578234555
      ]
    },
    "coherence_cohesion": {
      "alpha": 1.0,
      "weights": [
        2.878702829325513,
        0.008141166226720724,
        -0.0018409598419868115,
        -0.0001727982227654353,
        0.05609685455370021,
        0.1442459157122532,
        0.001131424640371078,
        -0.1945981965651955,
        -0.25213997580854813,
        -0.004185501971370006,
        -0.005565601932726138,
        0.23640677582657588,
        0.069729559587419,
        -0.14599467273736141,
        -0.2080115728380964,
        -0.05519960564954508
      ]
    },
    "grammatical_accuracy": {
      "alpha": 1.0,
      "weights": [
        3.824999006176829,
        -0.01865078993688466,
        0.007385640708573966,
        0.012552673826467877,
        0.051660874567443164,
        0.15827233933237467,
        -0.11388378857554708,
        0.01659078801380037,
        -0.41860910929042106,
        -0.003361057358884138,
        0.00017984932635284649,
        0.37738740973248014,
        0.06430179400701852,
        -0.17623673547117838,
        -0.040574318751555795,
        0.14232709715874398
      ]
    },
    "lexical_range": {
      "alpha": 1.0,
      "weights": [
        2.70122520289593,
        0.012852874573174966,
        -0.023235116184338156,
        -0.026214173477748032,
        0.027620193575594268,
        0.03263937525243126,
        0.10723596110179928,
        -0.2557177957703284,
        -0.17053813112229174,
        -0.011049383824261138,
        0.002608905649056653,
        0.2430355898171674,
        -0.1173550686705548,
        -0.26099188434802784,
        -0.08724270803896514,
        -0.0
      ]
    },
    "register_appropriateness": {
      "alpha": 1.0,
      "weights": [
        3.3807659737510924,
        -0.0006845654050654957,
        -0.014921344735543794,
        0.004267169578665844,
        -0.021711701876970625,
        0.10705448332699866,
        -0.05065596911204963,
        0.1755442408437006,
        -0.30382310802702633,
        -0.016370525026665125,
        0.0075399076480106445,
        0.3434513012801686,
        0.0006902665219966126,
        0.06570697312934685,
        0.09003297831129863,
        0.36814264173866684
      ]
    },
    "task_completion": {
      "alpha": 1.0,
      "weights": [
        2.8619640213692445,
        0.007333521411984875,
        -0.0029512450735356254,
        -0.0003885638291985016,
        0.04503970121834837,
        0.1514462780397967,
        -0.014442481198444811,
        -0.19707856906669485,
        -0.23943741582144243,
        -0.004779905753902919,
        -0.00424151597327283,
        0.20632574851692342,
        0.07358512213566613,
        -0.14710867308558354,
        -0.20264854490191728,
        0.14880994174684103
      ]
    }
  },
  "reports": [
    {
      "dimension": "task_completion",
      "kappa": 1.0,
      "mae": 0.07188233358287432,
      "n_rows": 12,
      "pearson_r": 0.9963117112483457
    },
    {
      "dimension": "coherence_cohesion",
      "kappa": 1.0,
      "mae": 0.08023912490413931,
      "n_rows": 12,
      "pearson_r": 0.9953798984912525
    },
    {
      "dimension": "lexical_range",
      "kappa": 1.0,
      "mae": 0.09263996797334596,
      "n_rows": 12,
      "pearson_r": 0.993147432458555
    },
    {
      "dimension": "grammatical_accuracy",
      "kappa": 1.0,
      "mae": 0.08606331314919352,
      "n_rows": 12,
      "pearson_r": 0.994046071519774
    },
    {
      "dimension": "register_appropriateness",
      "kappa": 1.0,
      "mae": 0.1401641229697228,
      "n_rows": 12,
      "pearson_r": 0.9866455086337321
    },
    {
      "dimension": "canadian_context_integration",
      "kappa": 0.9818181818181818,
      "mae": 0.13295457098033522,
      "n_rows": 12,
      "pearson_r": 0.9925491618924848
    }
  ],
  "rubric_version": "ee.v1",
  "schema_version": "phase7.v1",
  "training_set_hash": "7591d824b2101399220b22ed1d24ce78274821a5b57571ad86cdc54d5d9b2362"
}